example,word,value
0,au,-0.058569593
0,article,-0.058446319
0,wrote,-0.038456167
0,guy,-0.024716266
0,University,0.018718934
0,To,-0.011910914
