example,word,value
0,au,-0.058569593
0,article,-0.058446319
0,wrote,-0.038456167
0,guy,-0.024716266
0,University,0.018718934
0,To,-0.011910914
1,morality,-0.05610953753131677
1,alt,-0.025250832270081815
1,clh,0.015550260630127733
1,argument,-0.01539191855329247
1,free,-0.013480536344283856
1,whatever,-0.01240982095514608
